color,lat,long
#E0A6BD,49.285648,-123.139954
#030101,49.269400,-123.123800
#020302,49.276918,-123.126951
#1C060C,49.254093,-123.070545
#80505A,49.281952,-123.124168
#010000,49.280659,-123.100861
#020101,49.280404,-123.121227
#070401,49.288128,-123.114868
#020101,49.263543,-123.115202
#010201,49.280491,-123.120567
#EEEFF0,49.278304,-123.112944
#020101,49.279690,-123.097519
#FAF9F9,49.283180,-123.114578
#D3A5C6,49.278287,-123.117704
#0C0204,49.250000,-123.100000
#0E1709,49.289621,-123.123252
#020201,49.238990,-123.129839
#190911,49.282028,-123.125763
#000000,49.300000,-123.140000
#010101,49.280404,-123.121227
#020202,49.302448,-123.144623
#170A05,49.280720,-123.121391
#B77084,49.263427,-123.136850
#030300,49.280491,-123.120567
#060301,49.264413,-123.136799
#050303,49.278645,-123.098022
#030101,49.285912,-123.126251
#040502,49.238990,-123.129839
#020202,49.281071,-123.112518
#030501,49.280350,-123.122208
#060504,49.279452,-123.122732
#130808,49.288486,-123.142389
#020201,49.280404,-123.121227
#010101,49.285833,-123.111667
#1B0502,49.287894,-123.120479
#010101,49.280670,-123.121585
#011002,49.280491,-123.120567
#040503,49.281077,-123.132313
#080501,49.283980,-123.131011
#070404,49.279810,-123.121969
#B48E8A,49.278497,-123.128045
#030302,49.274642,-123.122509
#010301,49.250000,-123.100000
#030101,49.280404,-123.121227
#050202,49.269400,-123.123800
#060201,49.283237,-123.109058
#080806,49.280796,-123.117943
#150B0B,49.278191,-123.114655
#020202,49.281071,-123.112518
#110608,49.280491,-123.120567
#010401,49.280248,-123.114811
#080602,49.250000,-123.100000
#050301,49.283718,-123.121109
#000000,49.288128,-123.114868
#FCFAFB,49.278103,-123.125038
#080401,49.275404,-123.109266
#030200,49.278957,-123.123207
#0C0609,49.234223,-123.090756
#13110E,49.284439,-123.123016
#010201,49.287224,-123.113916
#B2A8AF,49.280237,-123.123904
#060403,49.238990,-123.129839
#070605,49.283573,-123.103950
#FDFCFD,49.263250,-123.106190
#1A0C09,49.287678,-123.113837
#8B6080,49.264154,-123.149737
#030202,49.283642,-123.106773
#000200,49.278566,-123.099695
#060203,49.283119,-123.103912
#180A10,49.274528,-123.126267
#020101,49.284759,-123.122697
#010101,49.267466,-123.090419
#010000,49.250000,-123.100000
#B1A0BB,49.271856,-123.135008
#170509,49.279776,-123.109901
#080908,49.284546,-123.125153
#200503,49.290437,-123.121587
#071908,49.280491,-123.120567
#040202,49.285272,-123.111095
#020101,49.219219,-123.118942
#050501,49.279270,-123.129776
#020102,49.281097,-123.120304
#080704,49.283108,-123.118874
#0D0908,49.285152,-123.118416
#010000,49.278618,-123.073347
#010001,49.282799,-123.104073
#060200,49.283333,-123.119217
#020502,49.281944,-123.121944
#030400,49.275162,-123.110011
#020001,49.234723,-123.150920
#020202,49.275404,-123.109266
#050202,49.283108,-123.118874
#100209,49.232037,-123.157140
#DDC1BA,49.250000,-123.100000
#650D10,49.267487,-123.069534
#010001,49.281078,-123.119965
#A8D0BD,49.300000,-123.140000
#120505,49.269957,-123.153788
#F1E7EC,49.277125,-123.121149
#010F03,49.275404,-123.109266
#55605A,49.281454,-123.119724
#030101,49.280720,-123.121391
#080300,49.266950,-123.139389
#F6F6F6,49.260442,-123.128236
#FEFEFE,49.270460,-123.100585
#050705,49.284111,-123.111565
#030303,49.279776,-123.109901
#010001,49.263543,-123.115202
#FDFDFE,49.287224,-123.113916
#010100,49.283718,-123.121109
#020403,49.275404,-123.109266
#030702,49.257953,-123.083289
#010000,49.284111,-123.111565
#190A10,49.251814,-123.079175
#001A05,49.290363,-123.137383
#1B0507,49.268372,-123.100617
#9A1C58,49.276478,-123.120492
#010501,49.283718,-123.121109
#010101,49.283150,-123.106422
#030303,49.286510,-123.127190
#120A09,49.264928,-123.147278
#030001,49.282811,-123.123575
#141908,49.287678,-123.113837
#080304,49.280248,-123.114811
#080705,49.270966,-123.155212
#010401,49.263329,-123.141701
#020402,49.280491,-123.120567
#75102C,49.250000,-123.100000
#0A0706,49.277125,-123.121149
#021604,49.290437,-123.121587
#040301,49.287290,-123.129217
#040102,49.280371,-123.129529
#060101,49.283345,-123.104855
#040203,49.280796,-123.117943
#010101,49.290319,-123.144829
#1E070B,49.250000,-123.100000
#E0DAE1,49.280491,-123.120567
#030402,49.280404,-123.121227
#070401,49.269180,-123.152683
#481B2C,49.275032,-123.121101
#040504,49.257443,-123.092472
#030001,49.283100,-123.104393
#D6A4D0,49.276760,-123.128319
#020100,49.276100,-123.121140
#020101,49.279121,-123.123505
#010001,49.284210,-123.108531
#040202,49.284572,-123.124657
#010101,49.288128,-123.114868
#000000,49.279617,-123.101364
#C2C1C1,49.286728,-123.134368
#190B0E,49.290437,-123.121587
#080305,49.287894,-123.120479
#FDF3FB,49.262397,-123.076726
#F9F5F4,49.278924,-123.123042
#070403,49.275318,-123.120628
#EADEE2,49.264197,-123.120347
#050605,49.287029,-123.115623
#030203,49.300000,-123.140000
#020101,49.273353,-123.103411
#FBF3F7,49.279270,-123.129776
#060405,49.275130,-123.123295
#010001,49.300000,-123.140000
#050503,49.285739,-123.123934
#000000,49.273353,-123.103411
#060706,49.276898,-123.116822
#020201,49.279776,-123.109901
#070101,49.267769,-123.146744
#040503,49.289711,-123.116074
#F6EFF4,49.280371,-123.129529
#010100,49.283695,-123.106071
#010101,49.280404,-123.121227
#050200,49.264240,-123.101410
#020301,49.276100,-123.121140
#030101,49.283695,-123.106071
#0D070A,49.275130,-123.123295
#7F4C68,49.285063,-123.120397
#D5D6D5,49.250000,-123.100000
#FCFCFC,49.274726,-123.127138
#050605,49.271467,-123.132893
#88245A,49.261200,-123.123056
#090806,49.285739,-123.123934
#BE99A8,49.283695,-123.106071
#100505,49.282989,-123.124039
#EAD0DE,49.288830,-123.117691
#040403,49.283333,-123.119217
#010101,49.285739,-123.123934
#040504,49.302448,-123.144623
#C38FA2,49.280404,-123.121227
#010101,49.282698,-123.128576
#22A952,49.288128,-123.114868
#050103,49.270634,-123.069466
#020201,49.263245,-123.123962
#050202,49.272636,-123.136124
#010000,49.273373,-123.129810
#FBF6F9,49.282110,-123.122996
#FAF7F9,49.289711,-123.116074
#020301,49.264240,-123.101410
#040605,49.284661,-123.112716
#010001,49.283333,-123.119217
#010101,49.280404,-123.121227
#1A0E09,49.284439,-123.123016
#020201,49.275153,-123.110006
#060300,49.264240,-123.101410
#020201,49.280796,-123.117943
#070702,49.283333,-123.119217
#010201,49.280491,-123.120567
#040202,49.289967,-123.132828
#030601,49.275452,-123.121330
#080405,49.280491,-123.120567
#FDF1FA,49.280289,-123.106751
#030101,49.280404,-123.121227
#040303,49.285091,-123.119598
#F5EBF1,49.287029,-123.115623
#030201,49.284572,-123.124657
#070605,49.279270,-123.129776
#040201,49.280404,-123.121227
#010501,49.278952,-123.123126
#060701,49.280404,-123.121227
#050602,49.242039,-123.111942
#000100,49.281982,-123.116661
#BD124C,49.278553,-123.115768
#F7EEF4,49.281944,-123.121944
#13100E,49.275030,-123.124710
#10070A,49.285063,-123.120397
#140908,49.279294,-123.075063
#130A09,49.279452,-123.122732
#020202,49.263906,-123.104981
#1C1114,49.288128,-123.114868
#170C09,49.283333,-123.119217
#0B2203,49.287029,-123.115623
#020402,49.281929,-123.100098
#040502,49.279690,-123.097519
#030402,49.275490,-123.109292
#030301,49.275153,-123.110006
#9C5185,49.282556,-123.107694
#010001,49.280404,-123.121227
#0C0205,49.284962,-123.124396
#6D0615,49.265408,-123.087294
#050304,49.281411,-123.074650
#0C0C0C,49.283718,-123.121109
#FAF9FA,49.280404,-123.121227
#020302,49.283345,-123.104855
#010701,49.275404,-123.109266
#010101,49.301526,-123.134138
#020101,49.275009,-123.122002
#FCFCFC,49.283333,-123.119217
#FCF1FA,49.261200,-123.123056
#080802,49.280905,-123.120658
#F0EEF0,49.275404,-123.109266
#050301,49.275801,-123.124581
#E3EEE6,49.271856,-123.135008
#030204,49.280414,-123.126281
#040001,49.275404,-123.109266
#030201,49.280404,-123.121227
#040202,49.280404,-123.121227
#DD600C,49.283819,-123.097784
#0E0A09,49.179144,-122.871283
#011707,49.275404,-123.109266
#040403,49.276120,-123.114468
#050301,49.283333,-123.119217
#030302,49.281411,-123.074650
#010B03,49.283718,-123.121109
#040401,49.275490,-123.109292
#030202,49.250000,-123.100000
#010000,49.281944,-123.121944
#131D13,49.250000,-123.100000
#040505,49.250000,-123.100000
#83A88A,49.275490,-123.109292
#020402,49.284308,-123.095509
#040101,49.279617,-123.101364
#DAA4B5,49.273523,-123.114779
#010202,49.275490,-123.109292
#010001,49.276894,-123.119896
#6D6766,49.283718,-123.121109
#0A0C07,49.280317,-123.121424
#0C0506,49.284939,-123.125923
#010101,49.284016,-123.114159
#040302,49.285614,-123.112082
#090606,49.289331,-123.117620
#017612,49.275404,-123.109266
#040102,49.284308,-123.095509
#010101,49.284759,-123.122697
#FBFBFB,49.251540,-123.077860
#020302,49.281944,-123.121944
#0E0102,49.263020,-123.122498
#020101,49.276894,-123.119896
#170D0F,49.263543,-123.115202
#0B0705,49.278952,-123.123126
#0C0503,49.250000,-123.100000
#040302,49.263543,-123.115202
#050603,49.280404,-123.121227
#010000,49.272552,-123.134292
#050203,49.285152,-123.118416
#070506,49.280659,-123.100861
#EFF3EE,49.225337,-123.083160
#050605,49.279776,-123.109901
#070807,49.238990,-123.129839
#020202,49.282051,-123.107887
#040403,49.282051,-123.120850
#A26D82,49.276894,-123.119896
#020304,49.282051,-123.120850
#10180A,49.281930,-123.100100
#010000,49.279720,-123.130350
#080605,49.280404,-123.121227
#010101,49.280404,-123.121227
#121211,49.279270,-123.129776
#F5EAEF,49.287224,-123.113916
#D87EB3,49.285063,-123.120397
#011602,49.288128,-123.114868
#0D0706,49.283718,-123.121109
#030204,49.281108,-123.120094
#090606,49.288128,-123.114868
#030402,49.280404,-123.121227
#020300,49.284111,-123.111565
#040400,49.288311,-123.116730
#974927,49.283333,-123.119217
#050705,49.280720,-123.121391
#040302,49.279776,-123.109901
#050502,49.284210,-123.108531
#150F0B,49.283237,-123.109058
#040102,49.284193,-123.111467
#020201,49.280720,-123.121391
#F7F4F6,49.276809,-123.112154
#060401,49.270460,-123.100585
#020601,49.279776,-123.109901
#070603,49.281411,-123.074650
#020601,49.275490,-123.109292
#050100,49.283690,-123.106145
#141715,49.279669,-123.122709
#020303,49.284193,-123.111467
#0D0608,49.287894,-123.120479
#130507,49.287224,-123.113916
#040202,49.283333,-123.119217
#000705,49.280781,-123.132072
#010101,49.289711,-123.116074
#030001,49.279643,-123.121970
#030202,49.280404,-123.121227
#030303,49.279720,-123.130350
#F7ECF3,49.250000,-123.100000
#020201,49.282749,-123.109100
#030202,49.280404,-123.121227
#071C08,49.250000,-123.100000
#110309,49.283440,-123.118910
#010001,49.286675,-123.143220
#020001,49.257198,-123.100853
#D3DCD9,49.271856,-123.135008
#5D6E11,49.287029,-123.115623
#040703,49.249191,-123.128819
#ECD3EB,49.259886,-123.147586
#FAF3F5,49.279270,-123.129776
#140707,49.280404,-123.121227
#070605,49.259596,-123.079884
#040202,49.288128,-123.114868
#040101,49.284759,-123.122697
#010301,49.282051,-123.120850
#B98397,49.275082,-123.126808
#020101,49.280796,-123.117943
#020101,49.288311,-123.116730
#050402,49.280720,-123.121391
#000000,49.264240,-123.101410
#020500,49.246155,-123.101036
#040202,49.257198,-123.100853
#16070C,49.280659,-123.100861
#1A1510,49.289711,-123.116074
#060604,49.275452,-123.121330
#050601,49.280404,-123.121227
#010101,49.283180,-123.114578
#080502,49.274285,-123.123491
#995572,49.250000,-123.100000
#060604,49.283336,-123.109054
#011101,49.280491,-123.120567
#040402,49.280404,-123.121227
#090601,49.284599,-123.108887
#000000,49.275877,-123.136033
#010000,49.288311,-123.116730
#030102,49.281944,-123.121944
#020402,49.280720,-123.121391
#151413,49.279270,-123.129776
#050201,49.238990,-123.129839
#000400,49.289882,-123.132891
#040403,49.283718,-123.121109
#010201,49.288276,-123.117108
#110508,49.264240,-123.101410
#F8F2F5,49.280731,-123.125784
#1F1B18,49.280905,-123.120658
#030101,49.283718,-123.121109
#060504,49.278912,-123.122932
#100A09,49.275432,-123.118277
#1D2A07,49.281559,-123.074852
#190509,49.234582,-123.141108
#EBCDE6,49.279270,-123.129776
#0C0F06,49.283695,-123.106071
#1B1307,49.280404,-123.121227
#010201,49.283187,-123.100302
#020102,49.276189,-123.099555
#020101,49.239953,-123.068538
#050301,49.283718,-123.121109
#010100,49.280659,-123.100861
#020101,49.281929,-123.100098
#FCE8F7,49.250000,-123.100000
#1E1111,49.259603,-123.070535
#11120B,49.275404,-123.109266
#0E0F0E,49.288173,-123.116510
#030202,49.282425,-123.124291
#020101,49.284962,-123.124396
#190E10,49.285063,-123.120397
#090305,49.283333,-123.119217
#0F0A08,49.275130,-123.123295
#030201,49.272190,-123.188001
#021604,49.262500,-123.068889
#D49DB4,49.250000,-123.100000
#160A0C,49.294900,-123.150161
#010101,49.284042,-123.107463
#070707,49.312100,-123.142820
#020401,49.281832,-123.118282
#760701,49.246177,-123.101330
#050603,49.287224,-123.113916
#040202,49.280731,-123.125784
#B17C9C,49.262024,-123.098886
#221C1F,49.286320,-123.125687
#6C575B,49.244246,-123.087856
#030403,49.284572,-123.124657
#010000,49.280796,-123.117943
#100A08,49.283333,-123.119217
#040501,49.263200,-123.138753
#050605,49.280404,-123.121227
#F2E5EE,49.277069,-123.081642
#010101,49.283718,-123.121109
#120A08,49.283327,-123.119291
#A36076,49.275130,-123.123295
#F3F2F5,49.280707,-123.122201
#962A55,49.278198,-123.113579
#15040A,49.261200,-123.123056
#FEFEFE,49.277157,-123.125916
#FBFBFB,49.286675,-123.143220
#150E0B,49.262066,-123.138428
#A62648,49.284962,-123.124396
#F4F4F7,49.281328,-123.119874
#EBE9E7,49.280796,-123.117943
#110605,49.287224,-123.113916
#030101,49.278545,-123.123833
#030102,49.266361,-123.138596
#070502,49.280404,-123.121227
#1B0711,49.283108,-123.118874
#040200,49.267466,-123.090419
#030301,49.267769,-123.146744
#050404,49.300000,-123.140000
#FBF1F5,49.250000,-123.100000
#040102,49.266196,-123.102106
#8AB401,49.267466,-123.090419
#010302,49.263200,-123.138753
#080506,49.283718,-123.121109
#D04777,49.279461,-123.122124
#010201,49.280720,-123.121391
#030504,49.270833,-123.106667
#11170E,49.281422,-123.105811
#D4D4D4,49.274715,-123.109570
#FFFFFF,49.271156,-123.139790
#030402,49.288383,-123.112904
#161415,49.281380,-123.085930
#F5D8E8,49.275404,-123.109266
#FEFCFD,49.283630,-123.106369
#040302,49.280491,-123.120567
#6E4B5F,49.263070,-123.114776
#0D0A0B,49.283333,-123.119217
#FCF4FA,49.282799,-123.104073
#011503,49.281422,-123.122585
#070604,49.280404,-123.121227
#030202,49.264895,-123.069458
#0E0606,49.273858,-123.121645
#021C02,49.292648,-123.128988
#020201,49.250000,-123.100000
#070802,49.280404,-123.121227
#010001,49.261267,-123.077614
#040402,49.282050,-123.124042
#020202,49.281422,-123.105811
#020102,49.261267,-123.077614
#161114,49.279333,-123.137667
#020101,49.261267,-123.077614
#100305,49.284378,-123.138472
#140F0B,49.284042,-123.107463
#010101,49.284679,-123.111893
#F8F5F7,49.288311,-123.116730
#010100,49.271580,-123.106979
#010101,49.263592,-123.112727
#021707,49.277548,-123.128961
#030201,49.282989,-123.124039
#020201,49.280404,-123.121227
#010302,49.275404,-123.109266
#010001,49.261267,-123.077614
#010101,49.280491,-123.120567
#895D72,49.281438,-123.132837
#EB4886,49.287941,-123.113132
#030303,49.260307,-123.096275
#020501,49.287793,-123.130136
#020302,49.239279,-123.035441
#D4BDC0,49.287029,-123.115623
#010101,49.261267,-123.077614
#020202,49.285912,-123.126251
#080705,49.280404,-123.121227
#040301,49.281391,-123.107781
#010100,49.275404,-123.109266
#130906,49.281420,-123.105940
#040402,49.283718,-123.121109
#020101,49.276520,-123.100632
#050704,49.281548,-123.123627
#060505,49.287894,-123.120479
#120F10,49.263860,-123.149219
#040602,49.283999,-123.106473
#060501,49.280491,-123.120567
#090602,49.283718,-123.121109
#F8F3F7,49.279270,-123.129776
#010100,49.285029,-123.127597
#050405,49.250000,-123.100000
#FAF6F9,49.283695,-123.106071
#020101,49.280404,-123.121227
#0E0606,49.278832,-123.109734
#1D090D,49.278832,-123.109734
#030203,49.279270,-123.129776
#1D070C,49.278832,-123.109734
#050401,49.283336,-123.109054
#010101,49.285912,-123.126251
#040101,49.264225,-123.101075
#221A19,49.279270,-123.129776
#040501,49.279270,-123.129776
#030302,49.281097,-123.120304
#010101,49.280212,-123.117270
#090C03,49.278832,-123.109734
#030501,49.279270,-123.129776
#010501,49.278832,-123.109734
#090507,49.284572,-123.124657
#0A0A09,49.283333,-123.119217
#010000,49.283718,-123.121109
#010001,49.276211,-123.099480
#050701,49.280404,-123.121227
#010000,49.285063,-123.120397
#040503,49.283573,-123.103950
#F9EEF9,49.291080,-123.136429
#010001,49.278450,-123.119553
#120407,49.283695,-123.106071
#010401,49.287231,-123.141441
#130B01,49.285203,-123.111122
#060303,49.283695,-123.106071
#080402,49.300000,-123.140000
#030102,49.281271,-123.098454
#030101,49.280404,-123.121227
#060601,49.280491,-123.120567
#191416,49.279543,-123.125854
#236041,49.250000,-123.100000
#110706,49.283981,-123.105431
#8D6E86,49.250000,-123.100000
#050604,49.287029,-123.115623
#080D07,49.251000,-123.166500
#020101,49.280733,-123.129184
#FBF0F8,49.280371,-123.129529
#021001,49.291763,-123.128235
#88738A,49.250000,-123.100000
#0A1407,49.280491,-123.120567
#CD7695,49.250000,-123.100000
#030201,49.287029,-123.115623
#010201,49.280491,-123.120567
#050503,49.283333,-123.119217
#010000,49.283623,-123.103828
#130C0C,49.250000,-123.100000
#020101,49.280404,-123.121227
#020501,49.283623,-123.103828
#010101,49.290437,-123.121587
#A86B9D,49.288571,-123.131445
#030502,49.281944,-123.121944
#060505,49.280414,-123.126281
#030202,49.281929,-123.107423
#875678,49.264413,-123.136799
#96537B,49.284569,-123.142807
#020701,49.289331,-123.117620
#020101,49.281944,-123.121944
#050403,49.232667,-123.139000
#060506,49.250000,-123.100000
#1B261D,49.275716,-123.108738
#0E0706,49.284569,-123.142807
#030101,49.285029,-123.127597
#070606,49.278456,-123.110458
#020101,49.278618,-123.110296
#030302,49.283108,-123.118874
#160909,49.267353,-123.124526
#020302,49.280373,-123.101210
#B51F62,49.250000,-123.100000
#010101,49.280404,-123.121227
#020302,49.281944,-123.121944
#010201,49.288396,-123.130503
#BA84B2,49.268622,-123.181840
#B9A2AA,49.284170,-123.114225
#060501,49.278912,-123.122932
#030201,49.278912,-123.122932
#E0D7DB,49.281818,-123.133439
#160C0B,49.282737,-123.123720
#030603,49.280796,-123.117943
#030101,49.268622,-123.181840
#030101,49.280404,-123.121227
#241218,49.280733,-123.129184
#110106,49.282749,-123.109706
#010101,49.280248,-123.114811
#A8838E,49.279690,-123.097519
#EBD6E2,49.280706,-123.119369
#0A100D,49.269400,-123.123800
#060401,49.269339,-123.101795
#040401,49.281685,-123.132942
#130D0D,49.283958,-123.122392
#050303,49.283390,-123.117911
#1BA35A,49.250000,-123.100000
#070000,49.267606,-123.101137
#070600,49.283779,-123.067879
#110814,49.249904,-123.075554
#0D0E0C,49.266667,-123.166667
#050501,49.288559,-123.120972
#0F0A09,49.285049,-123.138942
#020101,49.281185,-123.104233
#7C787B,49.286675,-123.143220
#610F1B,49.264728,-123.136742
#14B463,49.287689,-123.130887
#FBEDF5,49.250000,-123.100000
#030202,49.250000,-123.100000
#020202,49.280404,-123.121227
#080806,49.246155,-123.101036
#031109,49.250000,-123.100000
#060501,49.279289,-123.109623
#1A0D13,49.280237,-123.123904
#010502,49.262781,-123.125832
#020302,49.279289,-123.109623
#020201,49.284569,-123.142807
#025B2B,49.276809,-123.112154
#040404,49.250000,-123.100000
#180E05,49.268032,-123.155807
#FBF1F7,49.276979,-123.126573
#040503,49.284759,-123.122697
#DCD8D6,49.288830,-123.117691
#060401,49.281411,-123.074650
#0E0507,49.289583,-123.117568
#030201,49.264456,-123.069657
#070502,49.275619,-123.127930
#F3EAED,49.278251,-123.121859
#050304,49.287224,-123.113916
#DFCEF7,49.270470,-123.148667
#EA71B8,49.268723,-123.150435
#B86D89,49.278774,-123.122895
#4E081A,49.291500,-123.135147
#070D09,49.288248,-123.118069
#FEFEFE,49.250000,-123.100000
#020602,49.281929,-123.100098
#915D77,49.264728,-123.136742
#187428,49.274063,-123.154361
#190F0E,49.279289,-123.109623
#FBFBFB,49.250000,-123.100000
#0E0407,49.280404,-123.121227
#120E0A,49.279289,-123.109623
#170B06,49.279289,-123.109623
#010101,49.300000,-123.140000
#010101,49.238990,-123.129839
#985C74,49.282834,-123.120458
#F8F6F7,49.269413,-123.130710
#030203,49.282520,-123.107964
#0A0709,49.279573,-123.138529
#251720,49.289711,-123.116074
#667F73,49.285106,-123.102149
#FBFCFD,49.288128,-123.114868
#050204,49.285739,-123.123934
#090302,49.242222,-123.115000
#B1859B,49.288128,-123.114868
#BC92A4,49.263963,-123.119996
#030202,49.287825,-123.117302
#D8BECF,49.265022,-123.127790
#774E5A,49.249802,-123.100639
#020101,49.274420,-123.124968
#030101,49.283100,-123.104393
#040202,49.282271,-123.103734
#BA788D,49.302538,-123.126179
#E0CBE4,49.286800,-123.114930
#030202,49.282520,-123.107964
#040202,49.259603,-123.070535
#5E6763,49.284569,-123.142807
#EEDDE7,49.282834,-123.120458
#010001,49.285063,-123.120397
#130809,49.288128,-123.114868
#030404,49.276454,-123.118826
#000000,49.285000,-123.134000
#1F070F,49.283169,-123.102859
#020202,49.300000,-123.140000
#050304,49.272823,-123.119714
#10090C,49.284569,-123.142807
#0E0A04,49.276445,-123.087142
#B3BFB7,49.223692,-123.143058
#237B4F,49.242222,-123.115000
#801A4F,49.283327,-123.119291
#050806,49.275495,-123.135378
#140406,49.279411,-123.131813
#090603,49.284161,-123.112701
#886176,40.781321,-73.971337
#805766,49.284042,-123.107463
#1D0304,49.272015,-123.125992
#160F0F,49.280491,-123.120567
#848E95,49.276134,-123.121269
#E9D3DB,49.250000,-123.100000
#010101,49.279839,-123.116882
#010201,49.264154,-123.093219
#BF6FAC,49.242222,-123.115000
#090705,49.285152,-123.118416
#1E191C,49.268242,-123.152428
#050501,49.272350,-123.155327
#031B0A,49.290685,-123.142802
#1A1F19,49.262460,-123.100970
#030101,49.288128,-123.114868
#B27196,49.268323,-123.109283
#E8EFEF,49.281681,-123.114899
#D099A7,49.280996,-123.095603
#010101,49.276211,-123.099480
#000000,49.276097,-123.119497
#C89EC2,49.284572,-123.124657
#74CEA3,49.255131,-123.114731
#030302,49.279810,-123.121969
#0B0304,49.261920,-123.144726
#E4E6E7,49.277134,-123.127273
#E2E4E7,49.277192,-123.127378
#000000,49.264240,-123.101410
#1A1A1A,49.195312,-123.175447
#170708,49.280371,-123.129529
#030503,49.285000,-123.134000
#F9F2F6,49.283858,-123.123450
#020102,49.284584,-123.120446
#F5F3F5,49.278339,-123.125778
#F6F5F7,49.258221,-123.100777
#040503,49.281944,-123.121944
#E3BEDB,49.250000,-123.100000
#898C8A,49.270763,-123.136146
#181007,49.279461,-123.122124
#E4DBE1,49.273279,-123.103424
#121A0B,49.284941,-123.119973
#15060A,49.279857,-123.107995
#F9F0F5,49.283858,-123.123450
#010201,49.272625,-123.135620
#AED4BE,49.280212,-123.117270
#9A7684,49.284161,-123.112701
#F5ECF8,49.280659,-123.100861
#020302,49.275877,-123.136033
#160F09,49.285225,-123.128307
#010001,49.281929,-123.100098
#0E0D0B,49.268323,-123.109283
#100308,49.281967,-123.106255
#058D16,49.270833,-123.106667
#160408,49.280096,-123.120196
#010101,49.300000,-123.140000
#540B1D,49.280491,-123.120567
#0D0510,49.285106,-123.102149
#050303,49.288313,-123.140235
#15060F,49.262348,-123.101410
#020202,49.281967,-123.106255
#050803,49.287224,-123.113916
#140907,49.276341,-123.120658
#011006,49.292648,-123.128988
#0D0606,49.275726,-123.120552
#DABACC,49.272043,-123.169227
#0A0D0C,49.285106,-123.102149
#080808,49.300000,-123.140000
#1D0B08,49.268323,-123.109283
#131211,49.266472,-123.140701
#060503,49.278386,-123.116439
#060304,49.287029,-123.115623
#840805,49.277592,-123.121109
#FAF9FA,49.280777,-123.130298
#050403,49.280096,-123.120196
#030202,49.275173,-123.120865
#FBFBFB,49.280777,-123.130298
#020502,49.289583,-123.117568
#080601,49.279638,-123.120548
#0F070A,49.284042,-123.107463
#19442B,49.285106,-123.102149
#020301,49.268032,-123.155807
#050403,49.283297,-123.119386
#070C09,49.242222,-123.115000
#E6E6F3,49.288071,-123.130814
#030102,49.288311,-123.116730
#020001,49.281482,-123.116999
#B1849E,49.237870,-123.083107
#85948A,49.250000,-123.100000
#140D06,49.280404,-123.121227
#060403,49.279845,-123.121982
#090808,49.282520,-123.107964
#849F90,49.278069,-123.131705
#191312,49.268323,-123.109283
#8A0712,49.287894,-123.120479
#020001,49.284210,-123.108531
#E9F3EE,49.268239,-123.099287
#160608,49.268323,-123.109283
#020202,49.277708,-123.098973
#020102,49.283267,-123.118795
#070706,49.300000,-123.140000
#010101,49.289583,-123.117568
#020200,49.287029,-123.115623
#5A1720,49.283695,-123.106071
#FAF8FA,49.257374,-123.090424
#120808,49.278386,-123.116439
#030101,49.257198,-123.100853
#030003,49.265766,-123.146489
#080F09,49.280404,-123.121227
#F2EEF0,49.250000,-123.100000
#060503,49.250000,-123.100000
#E2D2D9,49.263624,-123.134022
#070B08,49.287399,-123.125815
#A17991,49.278386,-123.116439
#F9F5F7,49.281454,-123.119724
#020102,49.262500,-123.068889
#160304,49.285817,-123.115243
#020201,49.281391,-123.107781
#080101,49.287029,-123.115623
#01160A,49.270941,-123.147862
#EBF5F0,49.291458,-123.139669
#F5F6F5,49.275490,-123.120918
#021804,49.270460,-123.100585
#038F00,49.285739,-123.123934
#110C0E,49.271856,-123.135008
#030201,49.263860,-123.149219
#010101,49.287231,-123.141441
#B3B4B9,49.250000,-123.100000
#110A09,49.280796,-123.117943
#A6CADA,49.279573,-123.138529
#020101,49.292406,-123.134048
#17070E,49.279750,-123.117592
#1F060D,49.275333,-123.099881
#BE6699,49.270460,-123.100585
#18090C,49.284210,-123.140709
#1C0B0C,49.258709,-123.100922
#170B0C,49.274311,-123.123123
#020201,49.275153,-123.110006
#7B8179,49.270941,-123.147862
#010100,49.278774,-123.122895
#010201,49.275579,-123.087401
#030201,49.281411,-123.074650
#A97689,49.284016,-123.114159
#080100,49.283718,-123.121109
#040202,49.250000,-123.100000
#020101,49.272422,-123.155267
#010101,49.242222,-123.115000
#FCFBFB,49.277157,-123.125916
#030200,49.283108,-123.118874
#0C0605,49.283333,-123.119217
#609C89,49.272005,-123.114896
#162721,49.300000,-123.140000
#1A090C,49.250000,-123.100000
#050403,49.250000,-123.100000
#1E060D,49.275333,-123.099881
#070902,49.231654,-123.118212
#170F12,49.262583,-123.112992
#9E7995,49.280414,-123.126281
#AB8D9F,49.273505,-123.120711
#020303,49.265881,-123.138901
#656053,49.218494,-122.971001
#9B838D,49.278191,-123.114655
#0D060E,49.263329,-123.141701
#030101,49.288311,-123.116730
#A36F7B,49.276383,-123.120570
#030102,49.287029,-123.115623
#171517,49.286141,-123.143160
#030201,49.287290,-123.129217
#040202,49.288033,-123.114475
#78A58B,49.280414,-123.126281
#E7E6E9,50.113505,-122.953960
#C0C2BD,49.268799,-123.092918
#020601,49.287029,-123.115623
#09170C,49.288910,-123.131203
#050602,49.300743,-123.130331
#020202,49.278774,-123.122895
#0A0707,49.280010,-123.121262
#F9F9FB,49.266232,-123.105431
#010601,49.287029,-123.115623
#030403,49.300743,-123.130331
#010400,49.287029,-123.115623
#060504,49.300743,-123.130331
#0B0F0D,49.272916,-123.119220
#130702,49.281990,-123.098068
#010001,49.272350,-123.155327
#9D5D7E,49.268032,-123.155807
#0B0B08,49.280212,-123.117270
#040202,49.286905,-123.129728
#020102,49.287029,-123.115623
#FEFDFE,49.279835,-123.125771
#131D17,49.282219,-123.134659
#040202,49.283623,-123.103828
#010001,49.262500,-123.068889
#C4B2B4,49.272500,-123.113266
#F4E5E5,49.281582,-123.132782
#020201,49.287029,-123.115623
#070709,49.292648,-123.128988
#EBAACB,49.283327,-123.119291
#0A0D06,49.287945,-123.140661
#906A7C,49.258400,-123.088408
#070503,49.292648,-123.128988
#020102,49.287029,-123.115623
#080D09,49.274063,-123.154361
#EEF0F0,49.284933,-123.143065
#9E8293,49.218494,-122.971001
#020304,49.300743,-123.130331
#E9FAFA,49.277687,-123.151955
#020102,49.279839,-123.116882
#000000,49.279720,-123.130350
#F5DDF7,49.292648,-123.128988
#17422F,49.283141,-123.117692
#020701,49.274063,-123.154361
#930B23,49.263329,-123.141701
#020202,49.284313,-123.095337
#010101,49.279720,-123.130350
#E5D6DA,49.276352,-123.119621
#040601,49.300743,-123.130331
#0D802A,49.278130,-123.084633
#050203,49.300000,-123.140000
#E5D5E3,49.281548,-123.123627
#050504,49.265381,-123.106903
#191E18,49.274311,-123.123123
#F0EFEF,49.283180,-123.114578
#071506,49.254456,-123.080432
#1E201E,52.571182,6.639104
#030504,49.265381,-123.106903
#6EC199,49.283108,-123.118874
#0F0408,49.263496,-123.100739
#E2E2D9,49.280704,-123.117167
#1D050B,49.282520,-123.107964
#1F0208,49.287834,-123.117327
#050701,49.278732,-123.107221
#080406,49.290437,-123.121587
#1B0A04,49.279461,-123.122124
#190E11,49.264895,-123.069458
#050502,49.300743,-123.130331
#1A1017,49.250000,-123.100000
#0E0508,49.287431,-123.112809
#21A64E,49.262969,-123.114514
#060807,49.283058,-123.113000
#120D07,49.231654,-123.118212
#190B0A,49.282520,-123.107964
#960904,49.273724,-123.069344
#565656,49.284210,-123.140709
#F7DEE8,49.280258,-123.109634
#FAFAFB,49.283375,-123.102371
#A86F88,49.269400,-123.123800
#020402,49.279270,-123.129776
#788484,49.279573,-123.138529
#F0DDED,49.287029,-123.115623
#81999A,49.274345,-123.118765
#050501,49.280404,-123.121227
#030200,49.282959,-123.115181
#EAEAED,49.274599,-123.112129
#020101,49.277706,-123.125633
#020601,49.275276,-123.121262
#020101,49.277285,-123.114300
#060402,49.302448,-123.144623
#9E5069,49.284945,-123.127466
#9F2556,49.277515,-123.147227
#DCE5E2,49.300000,-123.140000
#A84975,49.287086,-123.113482
#8B8291,49.282799,-123.104073
#18140D,49.300000,-123.140000
#65A097,49.279573,-123.138529
#130905,49.283440,-123.118910
#0E0206,49.290249,-123.133812
#040101,49.281411,-123.074650
#010100,49.238990,-123.129839
#060504,49.275404,-123.109266
#0D0303,49.250000,-123.100000
#10090D,49.284462,-123.117621
#140409,49.290249,-123.133812
#D5C4DB,49.281422,-123.105178
#070501,49.281391,-123.132736
#030403,49.300000,-123.140000
#070101,49.275173,-123.120865
#917997,49.218494,-122.971001
#050504,49.283718,-123.121109
#150508,49.259129,-123.100769
#190307,49.248316,-123.114724
#F7F0F3,49.268482,-123.167236
#0B0909,49.272625,-123.135620
#6C9282,49.271856,-123.135008
#021704,49.288915,-123.111009
#1A0E12,49.271418,-123.133671
#1F1D21,49.291859,-123.135139
#010101,49.288311,-123.116730
#030403,49.265881,-123.138901
#070302,49.283695,-123.106071
#020302,49.250000,-123.100000
#010302,49.250000,-123.100000
#050405,49.251628,-123.127329
#040301,49.287029,-123.115623
#030403,49.269421,-123.139839
#FCFBFC,49.285833,-123.042778
#DDC9CC,49.250000,-123.100000
#E8C7DF,49.290160,-123.139994
#010101,49.283109,-123.108402
#DCAEBA,49.250000,-123.100000
#090507,49.278975,-123.097481
#74A183,49.280414,-123.126281
#86798F,49.230282,-123.090858
#FAF8F9,49.250000,-123.100000
#10AA05,49.280404,-123.121227
#04150F,49.282834,-123.120458
#0E1A13,49.272312,-123.128288
#0C0305,49.287029,-123.115623
#040603,49.287029,-123.115623
#070301,49.282799,-123.104073
#689D8C,49.283901,-123.141359
#F0EDEF,49.278830,-123.109730
#4A1022,49.300000,-123.140000
#020402,49.283623,-123.103828
#D2C5C3,49.264225,-123.101075
#121117,49.264158,-123.108072
#050802,49.254272,-123.101141
#020302,49.273990,-123.075789
#738781,49.286556,-123.142616
#827D84,49.292648,-123.128988
#020102,49.256686,-123.069140
#1C190C,49.277805,-123.127274
#080305,49.270655,-123.106396
#FEFEFF,49.263711,-123.141553
#040404,49.272451,-123.123960
#130B0F,49.276297,-123.128923
#060707,49.272451,-123.123960
#21532C,49.288311,-123.116730
#040404,49.290437,-123.121587
#E1D5D2,49.300000,-123.140000
#B10B05,49.289040,-123.122286
#12090B,49.257075,-123.097283
#060602,49.283142,-123.103722
#010000,49.282959,-123.115181
#8E978D,49.279630,-123.120440
#100608,49.275009,-123.122002
#A36689,49.264141,-123.100082
#EECCD8,49.277813,-123.134960
#121512,49.275581,-123.128592
#070704,49.282325,-123.108887
#955C76,49.256062,-123.114891
#F0EEEE,49.269520,-123.138408
#F4F5F5,49.279667,-123.136002
#F4FCFA,49.274063,-123.154361
#D6CBD1,49.250000,-123.100000
#020102,49.281944,-123.121944
#ADD4C8,49.293240,-123.140152
#131313,49.284691,-123.114510
#040504,49.284599,-123.108887
#130806,49.280701,-123.120544
#010000,49.282959,-123.115181
#565656,49.280796,-123.117943
#8A1953,49.287768,-123.120154
#B67EA7,49.283142,-123.103722
#050E08,49.282051,-123.120850
#9A6B8F,49.273476,-123.113510
#F4A0DA,49.283327,-123.119291
#061307,49.289331,-123.117620
#010101,49.279270,-123.129776
#030203,49.282051,-123.120850
#15A890,49.283588,-123.122449
#030103,49.292897,-123.132697
#190916,49.282084,-123.118823
#020001,49.270556,-123.133333
#672B45,49.281804,-123.106025
#010301,49.282959,-123.115181
#652050,49.283141,-123.117692
#F5F1F3,49.280048,-123.125627
#1F0F12,49.280294,-123.125283
#D6DFD9,49.270833,-123.106667
#8D6079,49.291859,-123.135139
#030102,49.278198,-123.113579
#F0E6ED,49.288651,-123.136006
#040203,49.276322,-123.128811
#B286BB,49.250000,-123.100000
#0B0C0B,49.275470,-123.136643
#C3E5D7,49.227272,-123.005350
#050504,49.273297,-123.069632
#030302,49.286556,-123.142616
#61585D,49.285739,-123.123934
#EEE5E8,49.288910,-123.131203
#020101,49.283440,-123.118910
#766277,49.284183,-123.113342
#A27A8C,49.288910,-123.131203
#0C1801,49.277706,-123.125633
#1D0C0C,49.272350,-123.155327
#070B07,49.259129,-123.100769
#530C1E,49.285160,-123.126297
#010100,49.281930,-123.100100
#030101,49.250000,-123.100000
#F7EBF2,49.288103,-123.112922
#E5E1E7,49.278526,-123.124397
#FAFEFE,49.293751,-123.149306
#996C89,49.270149,-123.069832
#0C0508,49.282352,-123.103081
#061308,49.312100,-123.142820
#030302,49.280350,-123.122208
#241E1E,49.242222,-123.115000
#1D0D13,49.274148,-123.123662
#020101,49.283690,-123.106145
#030101,49.280404,-123.121227
#050304,49.288311,-123.116730
#0E100F,49.270460,-123.100585
#010000,49.264240,-123.101410
#A7778C,49.232037,-123.157140
#5A5A5A,49.216284,-123.078487
#020102,49.259571,-123.134125
#1F040A,49.282801,-123.124067
#70535E,49.287472,-123.129094
#CDA9C1,49.277813,-123.134960
#080704,49.278351,-123.122139
#221F15,49.283718,-123.121109
#EEC7DA,49.280985,-123.123937
#030403,49.278545,-123.123833
#020102,49.280212,-123.117270
#0D0908,49.287431,-123.112809
#FCFBFC,49.290436,-123.141110
#B45681,49.249427,-123.101099
#0C0909,49.280212,-123.117270
#DFF0EC,49.276171,-123.144431
#050302,49.282959,-123.115181
#0B0906,49.247875,-123.130125
#0F0401,49.264240,-123.101410
#5BB493,49.274063,-123.154361
#8E7087,49.287941,-123.113132
#010701,49.290437,-123.121587
#030702,49.288311,-123.116730
#040704,49.300000,-123.140000
#E6DEE1,49.276030,-123.126778
#060401,49.282959,-123.115181
#0F0507,49.281767,-123.132144
#030103,49.274082,-123.127274
#040304,49.273454,-123.124589
#010101,49.288311,-123.116730
#1B1514,49.264240,-123.101410
#DAD7D8,49.283697,-123.113269
#060504,49.285063,-123.120397
#030103,49.283333,-123.119217
#FDF4F9,49.279131,-123.112842
#020202,49.280796,-123.117943
#080808,49.287029,-123.115623
#030303,49.283718,-123.121109
#0CCD62,49.289711,-123.116074
#0E0704,49.283440,-123.118910
#660616,49.216713,-123.116539
#060601,49.280404,-123.121227
#F5F4F5,49.276030,-123.126778
#EFEFF0,49.280212,-123.117270
#0C1509,49.286477,-123.118190
#C36DB4,49.264557,-123.105057
#040404,49.282325,-123.108887
#010101,49.282051,-123.120850
#060501,49.272678,-123.148163
#D6D6D6,49.257111,-123.097367
#020202,49.250000,-123.100000
#F0EFEB,49.277709,-123.118509
#030601,49.218494,-122.971001
#AFAA86,49.278803,-123.123928
#070604,49.283328,-123.125247
#DCDCDC,49.281071,-123.132874
#050A03,49.226765,-123.193394
#130C0F,49.281767,-123.132144
#19211C,49.288026,-123.113001
#0D080A,49.282425,-123.124291
#DBDCDB,49.273476,-123.113510
#050504,49.283623,-123.103828
#906F79,49.218494,-122.971001
#413531,49.275404,-123.109266
#0B0806,49.278526,-123.124397
#080305,49.270985,-123.155136
#110508,49.283327,-123.119291
#FEFEFE,49.250000,-123.100000
#A2676D,49.218494,-122.971001
#000000,49.280414,-123.126281
#F9F7F7,49.281411,-123.074650
#050100,49.272200,-123.134013
#15040C,49.275333,-123.099881
#695D68,49.282051,-123.120850
#010101,49.257148,-123.097325
#060504,49.280404,-123.121227
#ECE0E7,49.285359,-123.113844
#EBEBEB,49.257374,-123.090424
#1E0910,49.288390,-123.130570
#010000,49.281411,-123.074650
#060301,49.264413,-123.136799
#150C0B,49.269521,-123.144305
#010500,49.280796,-123.117943
#030202,49.270655,-123.106396
#628779,49.294900,-123.150161
#75C59C,49.300000,-123.140000
#B97A8D,49.278000,-123.117667
#304F3D,49.287375,-123.125964
#020101,49.274921,-123.123207
#846C7C,49.250000,-123.100000
#645668,49.282324,-123.104399
#D87EA1,49.278000,-123.117667
#10070A,49.277290,-123.148804
#060201,49.273353,-123.103411
#11090D,49.280237,-123.123904
#D5BCD0,49.281866,-123.103966
#130B1B,49.274063,-123.154361
#060604,49.279251,-123.120506
#0B080C,49.275349,-123.080353
#9B7574,49.283333,-123.119217
#AC2D4B,49.271241,-123.154067
#030201,49.284161,-123.112701
#0D0607,49.278000,-123.117667
#219D52,49.271156,-123.139790
#0A0204,49.291870,-123.134582
#0A0305,49.283141,-123.117692
#1D0F0F,49.278526,-123.124397
#040102,49.283333,-123.119217
#020101,49.281769,-123.133781
#6B041C,49.284962,-123.124396
#FCFAFC,49.263161,-123.102127
#C8EFDC,49.286675,-123.143220
#6A8A78,49.285833,-123.111667
#020201,49.284010,-123.125660
#020001,49.281411,-123.074650
#13080C,49.250000,-123.100000
#0C0A08,49.283484,-123.104265
#080607,49.277952,-123.118977
#056517,49.288012,-123.116842
#120707,49.262643,-123.101126
#040203,49.284980,-123.123583
#C07291,49.278351,-123.122139
#747D80,49.285739,-123.123934
#020101,49.271856,-123.135008
#E7F0F7,49.278304,-123.115584
#E0C3D3,49.269400,-123.123800
#F3F9F8,49.274063,-123.154361
#010001,49.284398,-123.121018
#1D1011,49.283283,-123.098007
#191113,49.300000,-123.140000
#010101,49.287231,-123.141441
#040503,49.263401,-123.117020
#0A0507,49.282830,-123.109650
#A5A5A5,49.285000,-123.134000
#EB97C2,49.280212,-123.117270
#180D12,49.284599,-123.108887
#030402,49.269350,-123.107384
#EAE6E3,49.263035,-123.112511
#030300,49.275660,-123.129648
#FAF8F9,49.234467,-123.069015
#040202,49.250707,-123.101068
#C772A1,49.250469,-123.077461
#0F0E0E,49.285251,-123.111934
#040303,49.276524,-123.100084
#0D0E0A,49.282297,-123.108941
#041A09,49.274063,-123.154361
#0B0606,49.285739,-123.123934
#050303,49.279452,-123.122732
#1D0606,49.282314,-123.134453
#030302,49.281204,-123.120316
#010101,49.282688,-123.104805
#839891,49.250000,-123.100000
#FEFAFD,49.283718,-123.121109
#030201,49.283718,-123.121109
#040B08,49.290170,-123.118142
#0F0E10,49.294900,-123.150161
#090909,49.281411,-123.074650
#170C0D,49.274063,-123.154361
#030202,49.300000,-123.140000
#DFCEF3,49.250000,-123.100000
#040403,49.242222,-123.115000
#1A0F11,49.282959,-123.115181
#C0B7C0,49.250000,-123.100000
#0B0706,49.291500,-123.135147
#822656,49.250000,-123.100000
#000201,49.232662,-123.076689
#110408,49.262920,-123.116028
#1E070B,49.281731,-123.106256
#818B87,49.270634,-123.069466
#030407,49.280371,-123.129529
#030202,49.263272,-123.117097
#060608,49.270745,-123.069713
#050505,49.293240,-123.140152
#836772,49.284759,-123.122697
#0F0C0C,49.281411,-123.074650
#50584F,49.278604,-123.125696
#F8E6F7,49.280720,-123.121391
#030103,49.280371,-123.129529
#020202,49.277715,-123.099286
#161012,49.254456,-123.080432
#F4F7F7,49.286797,-123.142540
#140B07,49.262643,-123.101126
#080305,49.242039,-123.111942
#768F85,49.292648,-123.128988
#030403,49.271856,-123.135008
#E4E0E3,49.287290,-123.129217
#1B1114,49.300743,-123.130331
#040401,49.250000,-123.100000
#C5C5C5,49.272552,-123.134292
#030402,49.250000,-123.100000
#010101,49.230344,-123.091827
#8C7589,49.300743,-123.130331
#D3D2D9,49.282989,-123.124039
#050404,49.284569,-123.142807
#010101,49.278604,-123.125696
#5FEFBA,49.271156,-123.139790
#A59C9F,49.281967,-123.106255
#E4DBDF,49.276180,-123.125150
#A7A7A5,49.287545,-123.119920
#61B9BF,49.263206,-123.105978
#130405,49.279251,-123.120506
#140407,49.268242,-123.152428
#040604,49.278604,-123.125696
#D6CBD1,49.250000,-123.100000
#0B0908,49.290249,-123.133812
#6AA390,49.294900,-123.150161
#050200,49.280258,-123.109634
#030001,49.292516,-123.133539
#040303,49.281411,-123.074650
#060606,49.276744,-123.111956
#EBC5D1,49.275600,-123.121101
#0D0606,49.283718,-123.121109
#1B090C,49.300000,-123.140000
#1A0D10,49.278056,-123.125936
#190A13,49.373592,-123.290646
#222423,49.278604,-123.125696
#050501,49.263383,-123.123017
#090909,49.281411,-123.074650
#6DB795,49.286675,-123.143220
#15090E,49.250000,-123.100000
#B4A0BF,49.275650,-123.117990
#010001,49.280404,-123.121227
#030202,49.278604,-123.125696
#020303,49.277706,-123.125633
#801919,49.280350,-123.122208
#FEFCFD,49.282989,-123.124039
#111D17,49.300000,-123.140000
#020601,49.285739,-123.123934
#ADEEDA,49.274063,-123.154361
#060605,49.286740,-123.132200
#060403,49.250707,-123.101068
#080301,49.285524,-123.118666
#E78EC5,49.288395,-123.139831
#040102,49.283333,-123.119217
#0A090A,49.278774,-123.122895
#030303,49.226272,-123.153784
#5A5358,49.284042,-123.107463
#130A0F,49.286675,-123.143220
#BAB0BC,49.251722,-123.101091
#ECF9F6,49.274063,-123.154361
#0F0407,49.280704,-123.117167
#060103,49.300000,-123.140000
#F9F9F9,49.283462,-123.114122
#C485A2,49.290610,-123.137140
#020101,49.278604,-123.125696
#050303,49.280659,-123.100861
#015700,49.275490,-123.109292
#1B0509,49.264456,-123.069657
#F1F0F3,49.247940,-123.100723
#F8F5F8,49.284042,-123.107463
#71777B,49.271856,-123.135008
#110A10,49.239083,-123.111539
#050303,49.282234,-123.124434
#060304,49.278265,-123.122460
#07110A,49.285029,-123.127597
#020402,49.287894,-123.120479
#1F1216,49.288701,-123.120756
#20181C,49.294900,-123.150161
#080202,49.300000,-123.140000
#649A7F,49.278413,-123.148618
#C1E9DC,49.280212,-123.117270
#B66698,49.278604,-123.125696
#1D060F,49.282324,-123.104399
#524B4D,49.280781,-123.132072
#120705,49.264759,-123.116791
#750516,49.227940,-123.090286
#080506,49.300743,-123.130331
#776F72,49.272051,-123.128267
#A97590,49.231475,-123.119214
#9A7987,49.290363,-123.137383
#060705,49.285290,-123.122795
#060B03,49.277358,-123.125280
#E2CBE5,49.287224,-123.113916
#020302,49.286556,-123.142616
#E6E3E6,49.281015,-123.120393
#967385,49.280380,-123.130840
#160C0E,49.283327,-123.119291
#090405,49.287026,-123.142238
#74BCA1,49.283690,-123.106145
#F7F8F8,49.284679,-123.111893
#FBF7FB,49.287224,-123.113916
#150B0A,49.279560,-123.121971
#020302,49.284962,-123.124396
#010100,49.281929,-123.100098
#050204,49.299042,-123.119904
#FBEEF4,49.282799,-123.104073
#050302,49.285294,-123.111887
#020102,49.273616,-123.121142
#ACD2C2,49.242222,-123.115000
#F0F2F2,49.282750,-123.116639
#E7ACCC,49.243401,-123.100952
#E9E9E9,49.280371,-123.129529
#070605,49.283333,-123.119217
#060706,49.287029,-123.115623
#060501,49.280720,-123.121391
#0E0507,49.274063,-123.154361
#020101,49.278957,-123.123207
#F8F5F6,49.273512,-123.126926
#6ADCB3,49.283642,-123.106773
#461424,49.265670,-123.092300
#060604,49.283327,-123.119291
#F5EFEF,49.287029,-123.115623
#031304,49.272005,-123.114896
#72BA97,49.287472,-123.142936
#7AB396,49.284569,-123.142807
#EDF0F2,49.278618,-123.110296
#120B05,49.280294,-123.125283
#040201,49.283473,-123.104262
#0E0506,49.288399,-123.140694
#16080C,49.275497,-123.069641
#020402,49.282219,-123.134659
#F8F8FA,49.279459,-123.123020
#020202,49.262790,-123.145374
#FDFDFD,49.263029,-123.143506
#B5B6BA,49.284569,-123.142807
#EBD6DF,49.260250,-123.139107
#1C0810,49.290363,-123.137383
#010401,49.263466,-123.100739
#0A0116,49.276310,-123.125092
#CC88AC,49.291500,-123.135147
#F4E6EF,49.286233,-123.140241
#20161C,49.281944,-123.121944
#BFB6A7,49.289373,-123.122981
#82998A,49.254456,-123.080432
#050104,49.283333,-123.119217
#0F090A,49.244119,-123.107394
#FBFBFB,49.283913,-123.130219
#021B05,49.250000,-123.100000
#070404,49.276524,-123.100084
#070906,49.273353,-123.103411
#020202,49.277119,-123.115112
#957682,49.232979,-123.077461
#938B85,49.268272,-123.156814
#0F0408,49.284308,-123.095509
#010101,49.259986,-123.100912
#060301,49.297663,-123.157150
#020101,49.250000,-123.100000
#FAF9F9,49.281411,-123.074650
#0A1315,49.272414,-123.110831
#F0DDE7,49.278830,-123.109730
#241319,49.295844,-123.151891
#10080B,49.281944,-123.121944
#040202,49.263756,-123.139679
#0D0606,49.291656,-123.127470
#050403,49.281224,-123.135785
#040303,49.284569,-123.142807
#0B0607,49.268242,-123.152428
#6BAC87,49.294900,-123.150161
#FBFBFB,49.283440,-123.118910
#111007,49.280096,-123.120196
#010E03,49.275470,-123.136643
#060201,49.280067,-123.121513
#FAFAF9,49.281411,-123.074650
#060802,49.288915,-123.111009
#1B0E08,49.283333,-123.119217
#020706,49.300743,-123.130331
#9A7281,49.263191,-123.133499
#010101,49.259986,-123.100912
#060503,49.281329,-123.133218
#6D8378,49.286797,-123.142540
#0F0D07,49.287014,-123.128235
#030202,49.288338,-123.112545
#FAF9F9,49.285739,-123.123934
#030202,49.276211,-123.099480
#ECFAF4,49.290437,-123.121587
#000800,49.300000,-123.140000
#050405,49.286675,-123.143220
#09110C,49.266482,-123.103704
#060402,49.272200,-123.134013
#0D0E0D,49.286675,-123.143220
#F6F4F6,49.294900,-123.150161
#030303,49.300000,-123.140000
#020302,49.283333,-123.119217
#ECF4F3,49.300000,-123.140000
#73928A,49.279573,-123.138529
#040102,49.279869,-123.121490
#180D16,49.245830,-123.094177
#9D789E,49.283440,-123.118910
#929E97,49.280212,-123.117270
#090102,49.242222,-123.115000
#C57A95,49.271225,-123.106682
#EBE9E8,49.294900,-123.150161
#0D0D0D,49.284042,-123.107463
#0D0B0B,49.284691,-123.114510
#0C0C0B,49.274063,-123.154361
#030202,49.286797,-123.142540
#0B1619,49.242100,-123.113800
#0E0D0C,49.280609,-123.132118
#F7EEF4,49.278000,-123.117667
#B373A2,49.282051,-123.120850
#0A0406,49.284861,-123.122912
#090407,49.284569,-123.142807
#0D0808,49.294900,-123.150161
#050402,49.283333,-123.119217
#280711,49.287842,-123.116341
#030402,49.284569,-123.142807
#CCCACB,49.283924,-123.105827
#F5EFF5,49.280361,-123.101321
#050605,49.273605,-123.069344
#0B1711,49.286675,-123.143220
#1A090C,49.237665,-123.139252
#070404,49.286675,-123.143220
#1B0906,49.273353,-123.103411
#050401,49.286675,-123.143220
#AC758C,49.265513,-123.091775
#BA8D97,49.286885,-123.128056
#020302,49.286675,-123.143220
#140407,49.280960,-123.077370
#140805,49.273353,-123.103411
#0E060A,49.231654,-123.118212
#0B0407,49.286675,-123.143220
#010101,49.289711,-123.116074
#030502,49.274320,-123.111175
#080B07,49.242222,-123.115000
#040303,49.273605,-123.069344
#EAE5F3,49.291380,-123.131739
#739993,49.284311,-123.143344
#1A0A0F,49.285739,-123.123934
#8B738A,49.294900,-123.150161
#0B0A0A,49.265125,-123.119360
#040203,49.280404,-123.121227
#070805,49.286675,-123.143220
#F8E9F4,49.287123,-123.142566
#020101,49.282989,-123.124039
#09130F,49.287231,-123.142052
#BAEBD9,49.284569,-123.142807
#FDFDFC,49.275404,-123.109266
#0A110D,49.288311,-123.116730
#030201,49.275276,-123.121262
#050605,49.280404,-123.121227
#F1EFF1,49.250000,-123.100000
#171315,49.284569,-123.142807
#050403,49.280720,-123.121391
#010100,49.277900,-123.099500
#1C1C1C,49.273741,-123.133053
#020102,49.294185,-123.133082
#B6C7C5,49.284569,-123.142807
#040304,49.273741,-123.133053
#010201,49.277290,-123.148804
#050606,49.269400,-123.123800
#E9B0C7,49.272452,-123.135197
#0F0A0B,49.275529,-123.101059
#FCF9FB,49.280796,-123.117943
#020101,49.284569,-123.142807
#130D0A,49.294900,-123.150161
#040706,49.293286,-123.139987
#F1E5F1,49.278545,-123.123833
#FEFEFE,49.281325,-123.131384
#14110A,49.284569,-123.142807
#14090B,49.281685,-123.132942
#030302,49.283333,-123.119217
#071811,49.271856,-123.135008
#E7E0E4,49.286477,-123.118190
#EAF8F3,49.250000,-123.100000
#F0C3DC,49.259029,-123.139160
#E1E7E5,49.283019,-123.104865
#16050A,49.250530,-123.100601
#9A8291,49.291656,-123.127470
#C1B1B7,49.244751,-123.101495
#EEF4F4,49.286141,-123.143160
#E0D6DA,49.284883,-123.125279
#0D0F0B,49.271856,-123.135008
#F4EAF2,49.283119,-123.118440
#060603,49.284569,-123.142807
#120508,49.284313,-123.095337
#050204,49.300000,-123.140000
#0A1709,49.263880,-123.135000
#020101,49.284569,-123.142807
#181114,49.279164,-123.137844
#E7F1EE,49.286141,-123.143160
#161305,49.282799,-123.104073
#030102,49.260000,-123.101000
#D8D9DA,49.300000,-123.140000
#050705,49.284569,-123.142807
#060604,49.288743,-123.139194
#070503,49.285250,-123.125790
#151618,49.217536,-123.128868
#181009,49.284569,-123.142807
#16090C,49.282708,-123.118964
#DCEBE8,49.284569,-123.142807
#161615,49.286797,-123.142540
#030202,49.284569,-123.142807
#050203,49.250000,-123.100000
#5EA986,49.284569,-123.142807
#100909,49.285250,-123.125790
#040203,49.284569,-123.142807
#030101,49.279617,-123.101364
#E0E1E3,49.271650,-123.106480
#F6F3F6,49.286675,-123.143220
#060705,49.280739,-123.117157
#245D44,49.288311,-123.116730
#1DA267,49.284599,-123.108887
#030403,49.284569,-123.142807
#080806,49.288915,-123.111009
#E6F3EF,49.271650,-123.106480
#17050A,49.283109,-123.108402
#ACBDAD,49.300000,-123.140000
#0B0C0D,49.242222,-123.115000
#BC5483,49.287224,-123.113916
#20BB50,49.284042,-123.107463
#030202,49.263592,-123.112727
#100D07,49.300743,-123.130331
#66D2A6,49.286675,-123.143220
#140D04,49.279857,-123.099708
#BDB9A8,49.283397,-123.103647
#121310,49.290437,-123.121587
#9E667F,49.287029,-123.115623
#0F080B,49.289711,-123.116074
#9D7F90,49.280960,-123.077370
#040303,49.271156,-123.139790
#BAD9D0,49.286675,-123.143220
#030102,49.284569,-123.142807
#EFECED,49.286675,-123.143220
#7C6772,49.288311,-123.116730
#100407,49.282558,-123.106278
#E9DDE8,49.278191,-123.114655
#040103,49.287231,-123.142052
#DFE4ED,49.286797,-123.142540
#1F1011,49.286675,-123.143220
#6AC6A1,49.300000,-123.140000
#1EDB70,49.290437,-123.121587
#030302,49.287290,-123.129217
#1E1517,49.248672,-123.096328
#F3EFF0,49.284569,-123.142807
#FBFAFA,49.276809,-123.112154
#030201,49.275404,-123.109266
#937A8F,49.280371,-123.129529
#070705,49.286675,-123.143220
#01730A,49.300743,-123.130331
#030402,49.276809,-123.112154
#6DA392,49.284569,-123.142807
#0C0606,49.284861,-123.122912
#05BA62,49.289711,-123.116074
#030201,49.251000,-123.166500
#D2CAD5,49.284569,-123.142807
#D6D8D9,49.283642,-123.106773
#19090E,49.251000,-123.166500
#060504,49.276979,-123.126573
#030203,49.281537,-123.095219
#180304,49.286556,-123.142616
#FCFCFC,49.276809,-123.112154
#1A0F16,49.286675,-123.143220
#030202,49.284569,-123.142807
#160E0F,49.284569,-123.142807
#020402,49.279452,-123.122732
#060404,49.286797,-123.142540
#7B8684,49.287231,-123.142052
#061510,49.287158,-123.141899
#AC8799,49.272197,-123.129622
#521421,49.267151,-123.069663
#65A38B,49.284569,-123.142807
#998884,49.277285,-123.114300
#E0CDD6,49.266769,-123.097168
#0E0709,49.286095,-123.126602
#070707,49.238716,-123.077080
#D3D3D3,49.273476,-123.113510
#030303,49.284569,-123.142807
#050705,49.268242,-123.152428
#130308,49.283141,-123.117692
#0B0B07,49.286675,-123.143220
#15090A,49.288462,-123.140109
#E5DAE9,49.268154,-123.157718
#030505,49.250000,-123.100000
#100B06,49.286675,-123.143220
#050303,49.284569,-123.142807
#050203,49.287224,-123.113916
#090B05,49.280148,-123.120211
#DCDBF1,49.284569,-123.142807
#010101,49.288128,-123.114868
#955C75,49.288218,-123.116785
#010101,49.281411,-123.074650
#12080A,49.258901,-123.087865
#0F0207,49.286675,-123.143220
#050505,49.283718,-123.121109
#040202,49.284679,-123.111893
#6E2644,49.284569,-123.142807
#010001,49.284569,-123.142807
#020201,49.300743,-123.130331
#BEA3B1,49.286797,-123.142540
#B98CA8,49.280781,-123.132072
#F1EFF2,49.268242,-123.152428
#0A0B08,49.286675,-123.143220
#9C8594,49.242164,-123.101229
#020403,49.294444,-123.111389
#13160D,49.233056,-123.116667
#070707,49.294900,-123.150161
#100408,49.287224,-123.113916
#689488,49.279573,-123.138529
#0C0809,49.282989,-123.124039
#B7C0CB,49.289249,-123.122093
#E5CADB,49.285291,-123.125551
#100A09,49.284679,-123.111893
#71B58D,49.284569,-123.142807
#A74A7A,49.286302,-123.127228
#A1959B,49.284661,-123.112716
#14090D,49.274428,-123.152621
#030B06,49.290170,-123.118142
#080304,49.250000,-123.100000
#628976,49.272625,-123.135620
#060604,49.274594,-123.122184
#F6F2F4,49.284569,-123.142807
#F9FBFA,49.284398,-123.121018
#E9E0DD,49.286349,-123.125694
#030102,49.280704,-123.117167
#080305,49.288201,-123.128189
#050504,49.294900,-123.150161
#6C8E84,49.286797,-123.142540
#C47BA1,49.263523,-123.139489
#030400,49.269583,-123.069642
#E3CBE4,49.260860,-123.116287
#020101,49.277340,-123.125641
#010101,49.263200,-123.138753
#0B0D0B,49.250000,-123.100000
#060505,49.280704,-123.117167
#15090D,49.274428,-123.152621
#16060A,49.271189,-123.154923
#150605,49.280855,-123.126339
#040203,49.271856,-123.135008
#8696A5,49.275867,-123.121022
#6B7D81,49.290437,-123.121587
#060601,49.286675,-123.143220
#060606,49.285029,-123.127597
#070604,49.288033,-123.114475
#12070A,49.283718,-123.121109
#020201,49.283718,-123.121109
#F7E4EE,49.283141,-123.117692
#027B17,49.300000,-123.140000
#020101,49.286675,-123.143220
#021806,49.286797,-123.142540
#020102,49.299042,-123.119904
#4E5F59,49.262737,-123.125672
#020602,49.282833,-123.114333
#CEF2EB,49.284569,-123.142807
#6E8C81,49.286797,-123.142540
#020101,49.280258,-123.109634
#937882,49.291466,-123.127777
#7F908C,49.273655,-123.155355
#011001,49.282989,-123.096069
#040304,49.300000,-123.140000
#050202,49.300000,-123.140000
#DEF2F4,49.284569,-123.142807
#081B02,49.283718,-123.121109
#B5A6A9,49.300000,-123.140000
#090808,49.272209,-123.155342
#946273,49.299042,-123.119904
#010201,49.284016,-123.114159
#282426,49.300000,-123.140000
#F0E4EC,49.285801,-123.123894
#040404,49.279000,-123.121000
#56605B,49.290437,-123.121587
#020101,49.284569,-123.142807
#769794,49.286797,-123.142540
#141312,49.284439,-123.123016
#171010,49.284569,-123.142807
#64616C,49.284569,-123.142807
#030503,49.312100,-123.142820
#060706,49.283333,-123.119217
#6F4E5F,49.300000,-123.140000
#030102,49.282335,-123.099344
#F9F7F8,49.285301,-123.118294
#CAC7C9,49.284042,-123.107463
#030001,49.280148,-123.120211
#FBFAFA,49.282883,-123.117778
#030202,49.263020,-123.122498
#010601,49.291587,-123.135746
#1C0F08,49.288910,-123.131203
#012F26,49.300743,-123.130331
#100608,49.286556,-123.142616
#010201,49.312100,-123.142820
#11080D,49.264154,-123.093219
#110E0B,49.286797,-123.142540
#040504,49.264300,-123.114294
#030202,49.272350,-123.155327
#684E5A,49.260860,-123.116287
#0B0406,49.269627,-123.144379
#021206,49.288830,-123.117691
#040304,49.271856,-123.135008
#F3EFEF,49.286675,-123.143220
#120609,49.284569,-123.142807
#030202,49.269400,-123.123800
#746B63,49.300000,-123.140000
#17100D,49.232006,-123.117801
#E9EFF1,49.271156,-123.139790
#160509,49.258939,-123.100895
#020202,49.266383,-123.102605
#010101,49.300000,-123.140000
#AA5C88,49.300000,-123.140000
#EAF3F4,49.428248,-123.207288
#090608,49.269400,-123.123800
#020202,49.300000,-123.140000
#241E21,49.300000,-123.140000
#F8F8F9,49.257374,-123.090424
#020102,49.284569,-123.142807
#A2748E,49.283214,-123.103059
#070B0A,49.275523,-123.103295
#F4ECF0,49.284378,-123.138472
#031405,49.264895,-123.069458
#151517,49.264019,-123.105309
#9F0902,49.252839,-123.139010
#060401,49.257092,-123.100853
#1A1215,49.280960,-123.077370
#070705,49.278038,-123.109234
#010101,49.283390,-123.117911
#FBF9FA,49.270863,-123.136085
#A0245E,49.269627,-123.144379
#1E0A12,49.271759,-123.106279
#E9F0EE,49.279573,-123.138529
#001501,49.265213,-123.069923
#BFCFDF,49.273071,-123.157333
#1B0905,49.285272,-123.111095
#E5E4E8,49.263599,-123.121384
#EFFBF9,49.242139,-123.111813
#170707,49.286797,-123.142540
#F8ECF2,49.279270,-123.129776
#6E8B7C,49.250000,-123.100000
#9A0D68,49.284024,-123.120663
#5AF2CD,49.285888,-123.117194
#EAE9EA,49.270941,-123.147862
#030101,49.250000,-123.100000
#030202,49.287029,-123.115623
#0D0102,49.284981,-123.110840
#87878C,49.302448,-123.144623
#0D070A,49.284863,-123.112281
#020102,49.270133,-123.109198
#E9E1E9,49.285739,-123.123934
#F7F1F6,49.223939,-123.101873
#010102,49.300000,-123.140000
#616D6C,49.286675,-123.143220
#13060C,49.287029,-123.115623
#020202,49.280659,-123.100861
#9B7E8C,49.250759,-123.101356
#148155,49.293240,-123.140152
#F4E6F4,49.259129,-123.100769
#BAF7E4,49.274063,-123.154361
#0D120F,49.300000,-123.140000
#DFF9F7,49.284569,-123.142807
#092112,49.300000,-123.140000
#051D15,49.284569,-123.142807
#FDF5FB,49.282051,-123.120850
#060908,49.265481,-123.138466
#150709,49.265097,-123.119286
#0B1E0E,49.300000,-123.140000
#0E090A,49.280350,-123.122208
#A4215A,49.284569,-123.142807
#0E0408,49.279960,-123.132885
#A9BAC5,49.291466,-123.127777
#030203,49.279461,-123.122124
#050805,49.286675,-123.143220
#020501,49.278946,-123.123764
#090604,49.268047,-123.156853
#020403,49.288093,-123.130385
#020302,49.287378,-123.112853
#050404,49.271744,-123.155221
#020101,49.278553,-123.115768
#030404,49.288093,-123.130385
#030403,49.284569,-123.142807
#513246,49.262379,-123.089758
#65122F,49.300000,-123.140000
#010301,49.278038,-123.109234
#161212,49.266541,-123.091911
#0A0607,49.282425,-123.124291
#030203,49.276979,-123.126573
#BE81A3,49.260937,-123.138969
#051D18,49.282997,-123.122276
#897C84,49.286797,-123.142540
#050505,49.287029,-123.115623
#D2F4EB,49.312100,-123.142820
#78938E,49.285106,-123.102149
#060201,49.284569,-123.142807
#120709,49.286556,-123.142616
#F6F6F6,49.274914,-123.100136
#99BEB1,49.290437,-123.121587
#151012,49.264240,-123.101410
#020001,49.285250,-123.125790
#17040C,49.286675,-123.143220
#F2F1F1,49.277634,-123.125067
#1F1D1C,49.239953,-123.068538
#A67396,49.286556,-123.142616
#0C0607,49.294900,-123.150161
#010202,49.250000,-123.100000
#1A1917,49.271856,-123.135008
#FDFCFD,49.286675,-123.143220
#FAF3F5,49.274063,-123.154361
#011702,49.279992,-123.132783
#030101,49.286797,-123.142540
#0E0E05,49.286675,-123.143220
#010202,49.267700,-123.101242
#030102,49.298909,-123.140010
#5E8A79,49.271856,-123.135008
#8E8590,49.264671,-123.114647
#171322,49.251000,-123.166500
#957183,49.260860,-123.116287
#070701,49.274140,-123.113071
#070303,49.284569,-123.142807
#C5B4BB,49.312100,-123.142820
#020202,49.269400,-123.123800
#D4B7C4,49.262350,-123.072172
#100608,49.284569,-123.142807
#1B151A,49.283364,-123.116994
#050605,49.272522,-123.135361
#7D9486,49.284569,-123.142807
#879897,49.270833,-123.106667
#1C0A0E,49.284546,-123.125153
#A89BA1,49.284042,-123.107463
#100908,49.281329,-123.133218
#670917,49.262379,-123.089758
#020101,49.286675,-123.143220
#1E0403,49.250530,-123.100601
#68E39A,49.287399,-123.125815
#837090,49.300743,-123.130331
#930805,49.280491,-123.120567
#B27FA2,49.290437,-123.121587
#010000,49.280294,-123.124700
#030705,49.280731,-123.125784
#F3F8F7,49.274063,-123.154361
#050501,49.280796,-123.117943
#D8D3F4,49.300743,-123.130331
#0F0A08,49.286675,-123.143220
#DFA8D3,49.250000,-123.100000
#595A5C,49.275009,-123.122002
#FBFAFB,49.250000,-123.100000
#1A291C,49.269400,-123.123800
#080702,49.286675,-123.143220
#050301,49.242222,-123.115000
#1A1312,49.251000,-123.166500
#F3EEF3,49.282020,-123.118750
#AFB7AA,49.277411,-123.119877
#1E080A,49.287894,-123.120479
#020303,49.250000,-123.100000
#A9618B,49.284313,-123.095337
#FBF5F8,49.287941,-123.113132
#020101,49.287029,-123.115623
#010302,49.238990,-123.129839
#020202,49.250000,-123.100000
#080305,49.288910,-123.131203
#F8F6F6,49.284569,-123.142807
#C3BDB8,49.276108,-123.126755
#1C0D15,49.286675,-123.143220
#E5E4E4,49.274391,-123.069328
#DED1D7,49.285739,-123.123934
#070807,49.272551,-123.133049
#F6CEED,49.285029,-123.127597
#C4DFDD,49.300000,-123.140000
#050301,49.276454,-123.118826
#F6EDF6,49.278332,-123.127739
#BCA6B7,49.279573,-123.138529
#B17291,49.250000,-123.100000
#BCB3BE,49.260987,-123.138961
#050D09,49.294900,-123.150161
#76D6A4,49.270460,-123.100585
#040503,49.288128,-123.114868
#030302,49.282520,-123.107964
#0D0D0A,49.300000,-123.140000
#E8EFEE,49.287224,-123.113916
#040203,49.286675,-123.143220
#040303,49.279573,-123.138529
#F7F5F5,49.289583,-123.117568
#030202,49.273353,-123.103411
#010000,49.264240,-123.101410
#120907,49.275009,-123.122002
#020101,49.287029,-123.115623
#1F16C0,49.288571,-123.131445
#13140A,49.277829,-123.099403
#C0B5C6,49.262348,-123.101410
#251F20,49.278529,-123.098299
#F8F8F8,49.220674,-123.119521
#060301,49.275814,-123.122162
#F8F1F5,49.284569,-123.142807
#11030A,49.287941,-123.113132
#891F57,49.250000,-123.100000
#010301,49.282219,-123.134659
#996D95,49.288414,-123.130440
#F6EEF5,49.287265,-123.128885
#604D57,49.286412,-123.143636
#0C0A0B,49.286797,-123.142540
#14060A,49.257629,-123.100838
#050505,49.286510,-123.127190
#EBEAF1,49.286675,-123.143220
#61A797,49.270833,-123.106667
#2D6344,49.284569,-123.142807
#F2E9EC,49.283327,-123.119291
#030602,49.284661,-123.112716
#60EC9E,49.273476,-123.113510
#020302,49.250000,-123.100000
#E0D5D8,49.282834,-123.120458
#010101,49.250000,-123.100000
#030303,49.289583,-123.117568
#136E25,49.286675,-123.143220
#46162D,49.259603,-123.070535
#E9E8ED,49.280350,-123.107613
#010101,49.274380,-123.123711
#1C0F12,49.284569,-123.142807
#020605,49.286675,-123.143220
#E5F7F4,49.269400,-123.123800
#010101,49.280404,-123.121227
#71746A,49.283718,-123.121109
#83646A,49.259603,-123.070535
#050203,49.280404,-123.121227
#A77C93,49.276809,-123.112154
#160302,49.250000,-123.100000
#E71484,49.300000,-123.140000
#DAC3D6,49.285870,-123.126495
